id	postedAt	authorizedAt	merchant	amountMinor	currency	status	category	expectedAmountText	expectedDay
LK-001	2026-03-02T09:14:07Z	2026-03-02T09:13:51Z	Whole Foods Market	-8499	USD	posted	groceries	-$84.99	2026-03-02
LK-002	2026-03-02T11:02:33Z	2026-03-01T18:40:12Z	MERCADONA	-2350	EUR	posted	groceries	-€23.50	2026-03-02
LK-003	2026-03-02T20:47:19Z	2026-03-02T20:46:58Z	Café Müller	-1875	EUR	posted	dining	-€18.75	2026-03-02
LK-004	2026-03-03T08:05:44Z	2026-03-03T08:05:30Z	ZÜRICH TRANSIT	-640	EUR	posted	transport	-€6.40	2026-03-03
LK-005	2026-03-03T12:31:09Z	2026-03-03T12:30:52Z	Uber Trip	-1725	USD	pending	transport	-$17.25	2026-03-03
LK-006	2026-03-03T13:58:26Z	2026-03-03T13:58:02Z	Amazon Marketplace	-13999	USD	declined	other	-$139.99	2026-03-03
LK-007	2026-03-03T17:22:41Z	2026-03-03T17:22:20Z	Tesco Express	-1299	GBP	posted	groceries	-£12.99	2026-03-03
LK-008	2026-03-03T19:44:00Z	2026-03-03T19:43:38Z	Nørrebro Bakeri	-4250	EUR	posted	dining	-€42.50	2026-03-03
LK-009	2026-03-04T03:12:44Z	2026-03-03T21:10:15Z	Café Müller	-960	EUR	posted	dining	-€9.60	2026-03-04
LK-010	2026-03-04T04:01:19Z	2026-03-03T22:36:58Z	CAFÉ MÜLLER KIOSK	-545	EUR	posted	dining	-€5.45	2026-03-04
LK-011	2026-03-04T05:19:37Z	2026-03-03T23:51:02Z	Zürich Transit Authority	-880	EUR	posted	transport	-€8.80	2026-03-04
LK-012	2026-03-04T10:15:00Z	2026-03-04T10:14:41Z	Con Edison	-21745	USD	posted	bills	-$217.45	2026-03-04
LK-013	2026-03-04T16:48:52Z	2026-03-04T16:48:33Z	Whole Foods Market	8499	USD	posted	groceries	+$84.99	2026-03-04
LK-014	2026-03-05T02:27:11Z	2026-03-05T02:26:55Z	JR East	-128000	JPY	posted	transport	-¥128,000	2026-03-05
LK-015	2026-03-05T07:33:48Z	2026-03-04T21:05:12Z	Bahrain Duty Free	-12500	BHD	posted	other	-BD12.500	2026-03-05
LK-016	2026-03-05T09:59:03Z	2026-03-05T09:58:47Z	British Gas	-9630	GBP	pending	bills	-£96.30	2026-03-05
LK-017	2026-03-05T14:12:36Z	2026-03-05T14:12:09Z	Deutsche Telekom	-3999	EUR	declined	bills	-€39.99	2026-03-05
LK-018	2026-03-06T08:41:22Z	2026-03-06T08:41:04Z	ZÜRICH TRANSIT	-1234567	EUR	posted	transport	-€12,345.67	2026-03-06
LK-019	2026-03-06T12:05:55Z	2026-03-06T12:05:31Z	Tesco Express	1299	GBP	posted	groceries	+£12.99	2026-03-06
LK-020	2026-03-06T18:30:07Z	2026-03-06T18:29:44Z	Amazon Marketplace	250000	USD	pending	other	+$2,500.00	2026-03-06
